[
  {
    "id": "future-of-ai-enterprise",
    "slug": "future-of-ai-enterprise",
    "title": "The Future of AI in Enterprise: Transforming Business Operations",
    "excerpt": "Explore how artificial intelligence is revolutionizing enterprise operations, from automation to predictive analytics.",
    "content": "Artificial Intelligence is no longer a futuristic concept—it's a present reality transforming how enterprises operate...",
    "author": "Dr. Sarah Chen",
    "authorRole": "Chief AI Officer",
    "authorImage": "/placeholder.svg?height=100&width=100",
    "publishedAt": "2024-01-15",
    "readTime": "8 min read",
    "category": "Artificial Intelligence",
    "tags": ["AI", "Enterprise", "Automation", "Machine Learning"],
    "image": "/placeholder.svg?height=400&width=800",
    "featured": true
  },
  {
    "id": "cloud-security-best-practices",
    "slug": "cloud-security-best-practices",
    "title": "Cloud Security Best Practices for Modern Enterprises",
    "excerpt": "Essential security strategies and frameworks for protecting your cloud infrastructure and data.",
    "content": "As organizations increasingly migrate to cloud platforms, security becomes paramount...",
    "author": "Michael Rodriguez",
    "authorRole": "Security Architect",
    "authorImage": "/placeholder.svg?height=100&width=100",
    "publishedAt": "2024-01-10",
    "readTime": "6 min read",
    "category": "Cybersecurity",
    "tags": ["Cloud Security", "Best Practices", "Compliance", "Risk Management"],
    "image": "/placeholder.svg?height=400&width=800",
    "featured": false
  },
  {
    "id": "digital-transformation-roadmap",
    "slug": "digital-transformation-roadmap",
    "title": "Building a Successful Digital Transformation Roadmap",
    "excerpt": "A comprehensive guide to planning and executing digital transformation initiatives that deliver real business value.",
    "content": "Digital transformation is more than just adopting new technologies—it's about fundamentally changing how your organization operates...",
    "author": "Jennifer Park",
    "authorRole": "Digital Strategy Director",
    "authorImage": "/placeholder.svg?height=100&width=100",
    "publishedAt": "2024-01-05",
    "readTime": "10 min read",
    "category": "Digital Transformation",
    "tags": ["Strategy", "Digital Transformation", "Change Management", "Innovation"],
    "image": "/placeholder.svg?height=400&width=800",
    "featured": true
  },
  {
    "id": "microservices-architecture-guide",
    "slug": "microservices-architecture-guide",
    "title": "Microservices Architecture: A Complete Implementation Guide",
    "excerpt": "Learn how to design, implement, and manage microservices architecture for scalable enterprise applications.",
    "content": "Microservices architecture has become the gold standard for building scalable, maintainable enterprise applications...",
    "author": "David Kim",
    "authorRole": "Solutions Architect",
    "authorImage": "/placeholder.svg?height=100&width=100",
    "publishedAt": "2023-12-28",
    "readTime": "12 min read",
    "category": "Software Architecture",
    "tags": ["Microservices", "Architecture", "Scalability", "DevOps"],
    "image": "/placeholder.svg?height=400&width=800",
    "featured": false
  },
  {
    "id": "data-analytics-trends-2024",
    "slug": "data-analytics-trends-2024",
    "title": "Top Data Analytics Trends Shaping 2024",
    "excerpt": "Discover the latest trends in data analytics that are driving business intelligence and decision-making.",
    "content": "The data analytics landscape continues to evolve rapidly, with new technologies and methodologies emerging...",
    "author": "Dr. Amanda Foster",
    "authorRole": "Chief Data Officer",
    "authorImage": "/placeholder.svg?height=100&width=100",
    "publishedAt": "2023-12-20",
    "readTime": "7 min read",
    "category": "Data Analytics",
    "tags": ["Analytics", "Big Data", "Business Intelligence", "Trends"],
    "image": "/placeholder.svg?height=400&width=800",
    "featured": false
  },
  {
    "id": "kubernetes-production-deployment",
    "slug": "kubernetes-production-deployment",
    "title": "Kubernetes in Production: Deployment Strategies and Best Practices",
    "excerpt": "Master the art of deploying and managing Kubernetes clusters in production environments.",
    "content": "Kubernetes has revolutionized container orchestration, but deploying it in production requires careful planning...",
    "author": "Alex Thompson",
    "authorRole": "DevOps Engineer",
    "authorImage": "/placeholder.svg?height=100&width=100",
    "publishedAt": "2023-12-15",
    "readTime": "9 min read",
    "category": "DevOps",
    "tags": ["Kubernetes", "DevOps", "Container Orchestration", "Production"],
    "image": "/placeholder.svg?height=400&width=800",
    "featured": true
  },
  {
    "id": "fintech-regulatory-compliance",
    "slug": "fintech-regulatory-compliance",
    "title": "Navigating Regulatory Compliance in Fintech Development",
    "excerpt": "Understanding the complex regulatory landscape and compliance requirements for fintech applications.",
    "content": "The fintech industry operates in a highly regulated environment where compliance is not optional...",
    "author": "Rachel Martinez",
    "authorRole": "Compliance Officer",
    "authorImage": "/placeholder.svg?height=100&width=100",
    "publishedAt": "2023-12-10",
    "readTime": "11 min read",
    "category": "Fintech",
    "tags": ["Fintech", "Compliance", "Regulation", "Financial Services"],
    "image": "/placeholder.svg?height=400&width=800",
    "featured": false
  },
  {
    "id": "iot-industrial-applications",
    "slug": "iot-industrial-applications",
    "title": "IoT Applications in Industrial Manufacturing",
    "excerpt": "Exploring how Internet of Things technology is transforming industrial manufacturing processes.",
    "content": "The Industrial Internet of Things (IIoT) is driving the fourth industrial revolution...",
    "author": "Robert Chen",
    "authorRole": "IoT Solutions Lead",
    "authorImage": "/placeholder.svg?height=100&width=100",
    "publishedAt": "2023-12-05",
    "readTime": "8 min read",
    "category": "IoT",
    "tags": ["IoT", "Manufacturing", "Industry 4.0", "Automation"],
    "image": "/placeholder.svg?height=400&width=800",
    "featured": false
  },
  {
    "id": "blockchain-enterprise-adoption",
    "slug": "blockchain-enterprise-adoption",
    "title": "Blockchain Technology: Enterprise Adoption and Use Cases",
    "excerpt": "Real-world applications of blockchain technology in enterprise environments and their business impact.",
    "content": "Blockchain technology has evolved beyond cryptocurrency to become a powerful tool for enterprise applications...",
    "author": "Lisa Wang",
    "authorRole": "Blockchain Architect",
    "authorImage": "/placeholder.svg?height=100&width=100",
    "publishedAt": "2023-11-30",
    "readTime": "10 min read",
    "category": "Blockchain",
    "tags": ["Blockchain", "Enterprise", "Cryptocurrency", "Distributed Systems"],
    "image": "/placeholder.svg?height=400&width=800",
    "featured": false
  }
]
